Datetime,Water Level (m)
2025-08-02 12:00:00,0.8031604
2025-08-02 13:00:00,1.1061257
2025-08-02 14:00:00,1.2657305
2025-08-02 15:00:00,1.2354732
2025-08-02 16:00:00,1.0248039
2025-08-02 17:00:00,0.71433383
2025-08-02 18:00:00,0.3741438
2025-08-02 19:00:00,0.042740326
2025-08-02 20:00:00,-0.2286659
2025-08-02 21:00:00,-0.38755584
2025-08-02 22:00:00,-0.2140758
2025-08-02 23:00:00,0.21720397
2025-08-03 00:00:00,0.6828449
2025-08-03 01:00:00,1.1260653
2025-08-03 02:00:00,1.4631745
2025-08-03 03:00:00,1.6161158
2025-08-03 04:00:00,1.5546644
2025-08-03 05:00:00,1.3154899
2025-08-03 06:00:00,0.9986292
2025-08-03 07:00:00,0.6639835
2025-08-03 08:00:00,0.339186
2025-08-03 09:00:00,0.0711967
2025-08-03 10:00:00,-0.07225643
2025-08-03 11:00:00,0.031121822
2025-08-03 12:00:00,0.34202042
2025-08-03 13:00:00,0.6805757
2025-08-03 14:00:00,0.97535676
2025-08-03 15:00:00,1.1583585
2025-08-03 16:00:00,1.1787881
2025-08-03 17:00:00,1.0150887
2025-08-03 18:00:00,0.74506205
2025-08-03 19:00:00,0.4263869
2025-08-03 20:00:00,0.1106973
2025-08-03 21:00:00,-0.16409002
2025-08-03 22:00:00,-0.34425974
2025-08-03 23:00:00,-0.29121572
2025-08-04 00:00:00,0.053992867
2025-08-04 01:00:00,0.495669
2025-08-04 02:00:00,0.9454029
2025-08-04 03:00:00,1.3312006
2025-08-04 04:00:00,1.5857118
2025-08-04 05:00:00,1.6371337
2025-08-04 06:00:00,1.4665353
2025-08-04 07:00:00,1.1640044
2025-08-04 08:00:00,0.8196812
2025-08-04 09:00:00,0.46756414
2025-08-04 10:00:00,0.14740124
2025-08-04 11:00:00,-0.094954915
2025-08-04 12:00:00,-0.19254741
2025-08-04 13:00:00,-0.027239833
2025-08-04 14:00:00,0.31348118
2025-08-04 15:00:00,0.6607515
2025-08-04 16:00:00,0.95044446
2025-08-04 17:00:00,1.1215161
2025-08-04 18:00:00,1.1198839
2025-08-04 19:00:00,0.9320377
2025-08-04 20:00:00,0.63787425
2025-08-04 21:00:00,0.30782628
2025-08-04 22:00:00,-0.0043286732
2025-08-04 23:00:00,-0.25742182
2025-08-05 00:00:00,-0.36000627
2025-08-05 01:00:00,-0.1052638
2025-08-05 02:00:00,0.36892125
2025-08-05 03:00:00,0.8554275
2025-08-05 04:00:00,1.2894864
2025-08-05 05:00:00,1.5991982
2025-08-05 06:00:00,1.7178429
2025-08-05 07:00:00,1.5883137
2025-08-05 08:00:00,1.2826824
2025-08-05 09:00:00,0.9082847
2025-08-05 10:00:00,0.51769453
2025-08-05 11:00:00,0.14093333
2025-08-05 12:00:00,-0.16162434
2025-08-05 13:00:00,-0.35787413
2025-08-05 14:00:00,-0.2739635
2025-08-05 15:00:00,0.122332156
2025-08-05 16:00:00,0.5533518
2025-08-05 17:00:00,0.93610567
2025-08-05 18:00:00,1.1920956
2025-08-05 19:00:00,1.2537905
2025-08-05 20:00:00,1.0713177
2025-08-05 21:00:00,0.75155705
2025-08-05 22:00:00,0.38177451
2025-08-05 23:00:00,0.024741104
2025-08-06 00:00:00,-0.27416423
2025-08-06 01:00:00,-0.4461009
2025-08-06 02:00:00,-0.22884454
2025-08-06 03:00:00,0.2915731
2025-08-06 04:00:00,0.8370307
2025-08-06 05:00:00,1.3439747
2025-08-06 06:00:00,1.7311128
2025-08-06 07:00:00,1.8946878
2025-08-06 08:00:00,1.7721682
2025-08-06 09:00:00,1.425301
2025-08-06 10:00:00,1.0059084
2025-08-06 11:00:00,0.56787264
2025-08-06 12:00:00,0.15071702
2025-08-06 13:00:00,-0.20366627
2025-08-06 14:00:00,-0.43278408
2025-08-06 15:00:00,-0.27790773
2025-08-06 16:00:00,0.21335973
2025-08-06 17:00:00,0.71423733
2025-08-06 18:00:00,1.1468667
2025-08-06 19:00:00,1.4298127
2025-08-06 20:00:00,1.4680761
2025-08-06 21:00:00,1.2199764
2025-08-06 22:00:00,0.8477488
2025-08-06 23:00:00,0.43083382
2025-08-07 00:00:00,0.034355912
2025-08-07 01:00:00,-0.31171462
2025-08-07 02:00:00,-0.49388552
2025-08-07 03:00:00,-0.13576835
2025-08-07 04:00:00,0.48398787
2025-08-07 05:00:00,1.1036772
2025-08-07 06:00:00,1.6492794
2025-08-07 07:00:00,2.0306768
2025-08-07 08:00:00,2.1232443
2025-08-07 09:00:00,1.8933666
2025-08-07 10:00:00,1.470688
2025-08-07 11:00:00,1.0003293
2025-08-07 12:00:00,0.52171093
2025-08-07 13:00:00,0.07499872
2025-08-07 14:00:00,-0.3031376
2025-08-07 15:00:00,-0.4901406
2025-08-07 16:00:00,-0.10725996
2025-08-07 17:00:00,0.50442654
2025-08-07 18:00:00,1.0730083
2025-08-07 19:00:00,1.5233779
2025-08-07 20:00:00,1.7651626
2025-08-07 21:00:00,1.6874995
2025-08-07 22:00:00,1.3396083
2025-08-07 23:00:00,0.9051277
2025-08-08 00:00:00,0.44443032
2025-08-08 01:00:00,0.0135653
2025-08-08 02:00:00,-0.34895092
2025-08-08 03:00:00,-0.41843134
2025-08-08 04:00:00,0.16172922
2025-08-08 05:00:00,0.8728871
2025-08-08 06:00:00,1.5386832
2025-08-08 07:00:00,2.0697176
2025-08-08 08:00:00,2.3672879
2025-08-08 09:00:00,2.3017454
2025-08-08 10:00:00,1.9277248
2025-08-08 11:00:00,1.444947
2025-08-08 12:00:00,0.9325385
